{
    "format": "layers-model",
    "generatedBy": "keras v2.15.0",
    "convertedBy": "TensorFlow.js Converter v4.22.0",
    "modelTopology": {
        "keras_version": "2.15.0",
        "backend": "tensorflow",
        "model_config": {
            "class_name": "Sequential",
            "config": {
                "name": "Federated_Model",
                "layers": [
                    {
                        "class_name": "InputLayer",
                        "config": {
                            "batch_input_shape": [null, 10],
                            "dtype": "float32",
                            "sparse": false,
                            "ragged": false,
                            "name": "input_1"
                        }
                    },
                    {
                        "class_name": "Dense",
                        "config": {
                            "name": "dense",
                            "trainable": true,
                            "dtype": "float32",
                            "units": 64,
                            "activation": "relu",
                            "use_bias": true,
                            "kernel_initializer": {
                                "module": "keras.initializers",
                                "class_name": "GlorotUniform",
                                "config": { "seed": null },
                                "registered_name": null
                            },
                            "bias_initializer": {
                                "module": "keras.initializers",
                                "class_name": "Zeros",
                                "config": {},
                                "registered_name": null
                            },
                            "kernel_regularizer": null,
                            "bias_regularizer": null,
                            "activity_regularizer": null,
                            "kernel_constraint": null,
                            "bias_constraint": null
                        }
                    },
                    {
                        "class_name": "Dense",
                        "config": {
                            "name": "dense_1",
                            "trainable": true,
                            "dtype": "float32",
                            "units": 32,
                            "activation": "relu",
                            "use_bias": true,
                            "kernel_initializer": {
                                "module": "keras.initializers",
                                "class_name": "GlorotUniform",
                                "config": { "seed": null },
                                "registered_name": null
                            },
                            "bias_initializer": {
                                "module": "keras.initializers",
                                "class_name": "Zeros",
                                "config": {},
                                "registered_name": null
                            },
                            "kernel_regularizer": null,
                            "bias_regularizer": null,
                            "activity_regularizer": null,
                            "kernel_constraint": null,
                            "bias_constraint": null
                        }
                    },
                    {
                        "class_name": "Dense",
                        "config": {
                            "name": "dense_2",
                            "trainable": true,
                            "dtype": "float32",
                            "units": 1,
                            "activation": "sigmoid",
                            "use_bias": true,
                            "kernel_initializer": {
                                "module": "keras.initializers",
                                "class_name": "GlorotUniform",
                                "config": { "seed": null },
                                "registered_name": null
                            },
                            "bias_initializer": {
                                "module": "keras.initializers",
                                "class_name": "Zeros",
                                "config": {},
                                "registered_name": null
                            },
                            "kernel_regularizer": null,
                            "bias_regularizer": null,
                            "activity_regularizer": null,
                            "kernel_constraint": null,
                            "bias_constraint": null
                        }
                    }
                ]
            }
        },
        "training_config": {
            "loss": "binary_crossentropy",
            "metrics": [
                [
                    {
                        "class_name": "MeanMetricWrapper",
                        "config": {
                            "name": "accuracy",
                            "dtype": "float32",
                            "fn": "binary_accuracy"
                        }
                    }
                ]
            ],
            "weighted_metrics": null,
            "loss_weights": null,
            "optimizer_config": {
                "class_name": "Adam",
                "config": {
                    "name": "Adam",
                    "learning_rate": 0.001,
                    "decay": 0.0,
                    "beta_1": 0.9,
                    "beta_2": 0.999,
                    "epsilon": 1e-7,
                    "amsgrad": false
                }
            }
        }
    },
    "weightsManifest": [
        {
            "paths": ["group1-shard1of1.bin"],
            "weights": [
                {
                    "name": "dense/kernel",
                    "shape": [10, 64],
                    "dtype": "float32"
                },
                { "name": "dense/bias", "shape": [64], "dtype": "float32" },
                {
                    "name": "dense_1/kernel",
                    "shape": [64, 32],
                    "dtype": "float32"
                },
                { "name": "dense_1/bias", "shape": [32], "dtype": "float32" },
                {
                    "name": "dense_2/kernel",
                    "shape": [32, 1],
                    "dtype": "float32"
                },
                { "name": "dense_2/bias", "shape": [1], "dtype": "float32" }
            ]
        }
    ]
}
